Time,Average Speed,Frambda1,Frambda2,Frambda3,Frambda4,Frambda5,Frambda6,Frambda7,Frambda8,Frambda9,Frambda10,Frambda11,Frambda12,Frambda13,Frambda14,Frambda15,Frambda16,Frambda17,Frambda18,Frambda19,Frambda20,
12,63,154.1029762,21.93106874,31.67170963,30.99769588,28.1204021,7.854598572,11.0959641,7.025589185,34.08376676,30.03226339,40.53540677,51.60585365,10.24928837,62.27589048,13.1017502,24.25053956,67.78879321,10.44550112,17.74687275,9.112232379,0.984910188
13,66,146.0618968,37.11086735,27.23826431,35.48764497,11.17826602,13.05093653,12.45361996,10.34132222,9.819539337,23.00855959,45.40028279,100.6085095,1.235394123,25.27886676,23.36751346,9.738226148,26.01761558,15.25175519,9.63642834,53.37794029,1.067168125
14,64.75,114.3353312,0.272015942,33.87730856,6.631537774,35.2780213,3.404412751,15.16777023,5.901536986,30.44709855,5.992837397,52.251228,90.41395662,38.91069338,14.98457068,7.47312381,14.6809375,3.989936431,33.93435936,6.643349792,52.85191451,1.044625654
15,63.5,131.2257998,1.012246443,20.15885459,18.10462211,3.849766466,19.25861349,36.59175418,1.071974479,50.93721083,5.809882169,85.99611611,20.84738775,72.92127932,20.64918651,3.794054758,2.073007805,5.307337072,12.82658073,15.02084521,14.68260697,1.219082597
16,66,90.84863061,13.73502418,34.82898355,10.25214228,5.287308583,31.33032612,2.16672848,0.653287454,22.84909055,34.0351847,24.95929088,85.49481845,31.5859123,34.9865484,31.34245924,14.33203878,4.316924902,34.03872009,21.72821412,27.98871953,0.832079223
17,66.07,158.1728378,5.728425839,24.22135426,69.77569841,16.29387265,22.23357998,57.67731709,3.554447016,62.52947097,30.12756618,45.90649261,50.04584662,27.31547218,17.73584414,35.94377952,0.986081852,8.884910317,10.7152245,6.681575781,44.96070849,0.99426715
18,68.83,89.50754169,36.47879757,1.711082744,7.28669036,40.72035648,38.29884013,27.60385649,35.15131349,13.72536122,18.87446057,49.6379427,22.11897736,59.99479159,12.3435984,20.05303139,2.240552301,18.43713165,43.09141832,32.72787871,57.38933895,0.678405252
19,69.57,207.8506549,16.24773874,18.83231785,29.94151499,1.018877361,0.205564055,29.88449264,58.29749575,22.21198939,22.28265409,3.806230792,74.69129543,54.18641354,35.88947537,32.46995823,22.05585296,41.75452774,16.85237042,9.877348003,13.30611256,1.230406433
20,69.33,95.43694529,26.02753773,24.2428071,37.98155229,6.422694409,11.25554372,67.95763869,13.78176422,31.34300705,13.93437328,46.41554715,37.58369795,37.66850314,55.67098983,11.26440478,14.57046337,4.18793867,21.56829425,28.67848036,36.24768595,0.706131451
21,67.82,207.8331921,22.30545279,45.04556164,9.405858929,16.16353578,27.85924113,16.42992653,50.31931181,41.66468215,63.92471125,5.764208576,7.187012018,20.33278834,10.29105285,56.27318696,33.18325635,25.20981001,15.95691254,43.43108385,35.38568861,1.124617211
22,70.67,92.16550339,24.47763312,38.91519984,21.55763063,15.20007896,62.9113405,70.3889475,34.28897133,15.41782147,36.79603009,21.74497524,26.10417038,24.07408624,38.68272405,45.46149928,19.40564557,34.79084888,17.19016596,5.021453677,1.31687278,0.668775953
23,69.56,219.9615959,13.18708245,40.83817937,65.03519358,28.0798091,29.42652161,15.70768557,58.97468538,23.16264521,51.77859228,25.15990506,22.59691869,18.85361162,41.47422003,9.341570322,14.82137251,14.24449439,17.87387246,21.12520284,34.13485145,1.159060781
24,69.88,123.7413763,6.209888511,25.0595013,12.4178473,7.773361879,40.29105356,54.65241721,2.802680449,0.954763337,35.54422044,4.778030526,34.99794607,30.48981437,38.23118934,36.91522659,2.262035278,34.77697758,7.200403416,44.87470642,94.83499381,0.963644292
25,70.06,221.4446461,11.70165356,50.72427933,40.67930841,18.35554031,42.81237926,78.79536004,41.04719434,28.7315362,38.3354561,22.0947973,28.26486035,12.89667447,4.574661691,9.53506229,23.0750631,27.19387075,3.971077078,9.810815342,27.81776673,1.234925781
26,69.88,123.8085706,28.58827636,52.78702653,24.38546554,6.792713623,31.3164917,28.57652002,7.470980714,53.6148789,18.51428087,11.77957942,13.51899615,14.90652727,43.48839449,11.48276275,67.08825586,79.40360101,26.44565382,19.47832755,7.876060649,0.858897158
27,72.25,226.642485,26.06868646,43.99543729,34.3584206,10.44877535,53.71044806,73.14527851,46.177929,9.556128227,9.893663091,32.96722217,4.845865422,4.101970081,14.4543545,8.27725339,50.79708841,25.69227144,1.680487104,43.04750419,27.05079649,1.272496848
28,68.9,148.1226824,24.76328416,30.41826982,27.13696004,52.85147226,6.255198991,32.18366819,23.31802275,64.10537043,51.70217669,33.34629752,5.521462809,42.98047507,11.88039349,60.51420639,54.49284442,29.60423274,12.43709298,44.21151583,8.432716562,0.807053187
29,68.3,259.6898794,57.79168065,8.037618148,2.341075021,18.80616922,52.26933866,39.43200411,31.1910686,2.379384458,12.03353091,0.718601667,12.28905026,13.04750009,18.46647402,0.428489245,15.30770335,33.28252045,16.36811992,5.308805635,15.59153852,1.785692667
30,67.71,103.5690958,9.885038228,29.74886607,19.413328,63.00898342,9.277829605,19.01691391,29.57000174,38.40456683,25.57277201,64.00132717,3.787984834,17.20097084,24.08909258,5.262727337,56.87544586,49.93085504,38.38259018,18.97186727,11.80280223,0.764425556
31,67.73,286.3884002,17.9616029,18.87938115,13.68366343,22.72664743,21.0455983,19.67611519,5.970539749,4.993765357,19.12501073,19.17423148,1.58459772,0.077809046,13.74513963,38.62232916,20.82671718,17.36023866,0.989366014,7.838755279,21.14560903,2.092805011
32,66.36,157.9990876,2.639795807,12.95887425,40.53444485,71.74584123,13.77729997,9.668239004,7.983919268,43.85672536,48.42992388,39.17732688,19.62304382,21.81906038,3.012069309,1.418918945,66.48611538,37.70026857,55.68990705,26.79076387,17.63717871,1.00145345
33,65.11,244.7067063,28.6490152,2.117528378,19.89623893,38.83235651,9.132392382,8.656865423,10.08450873,33.54855575,15.96176014,4.918549887,18.07642234,37.85658017,26.71619932,39.66425515,50.73324872,14.85307094,25.09410949,36.17409968,17.24554156,1.46478997
34,63.18,159.443935,11.95434009,29.11764042,9.336800156,14.68768112,19.18999168,5.952640867,44.04703805,29.2121179,3.516112725,9.814497375,3.270147385,20.36590921,37.49586065,38.20235183,29.5585722,21.22229013,23.91540266,94.04193188,19.95916885,1.13179742
35,63.56,253.9226972,26.30704875,3.398705698,29.20345365,18.69543998,30.13083467,3.317703674,19.98613855,4.469335234,8.212021317,25.91662345,15.3707263,35.83791633,9.257355852,7.891812792,34.07413652,9.524477912,24.30565171,47.609737,5.007784628,1.720414093
36,63.78,131.6846312,31.40459997,31.08595201,14.45040347,38.27700051,23.60911048,10.65895546,14.78453097,3.545306301,5.398493873,37.0496422,36.75411889,27.74416722,28.90031554,10.5348142,24.69977119,6.307126396,30.33698683,92.34356085,22.94157339,0.952689649
37,63.81,285.0675714,18.99528019,19.09155126,6.066674164,14.00876282,4.104366413,15.11585426,5.641636299,5.770920778,4.180169607,14.79654164,4.404716625,8.595004211,0.753473702,1.238714759,1.539308052,11.14537004,1.46918434,9.428094513,3.038070132,2.793643184
38,65.77,190.9092961,37.05283209,11.61623807,19.5380653,16.38739475,1.136146013,29.0241211,11.2311339,17.64743922,58.63497597,35.84790034,38.92799102,15.60849408,31.16132923,6.356718503,43.55841271,13.28529285,9.843821276,77.99500845,33.07127116,1.150270144
39,64.64,260.615115,33.64116862,53.12595909,19.13030852,9.718810916,27.64743688,14.45088938,12.52780192,12.77570137,1.966307142,13.84499002,6.080536011,2.702531773,2.174328475,33.02842775,20.69919186,13.7648418,33.73135655,19.80042784,25.4882039,1.756818604
40,65.64,201.5602443,16.45175633,39.95546116,0.53452979,28.36606923,9.16477781,15.47624234,17.32931334,75.1965712,53.13671395,37.4702035,7.29037889,13.1368357,48.10453852,9.48103363,15.1749883,32.06150318,56.60043542,16.71628504,5.971562449,1.226489242
41,67,280.2104795,39.94700115,34.74770236,16.00856776,10.9570629,19.8013491,4.262298419,3.771762949,32.54118497,10.74884598,0.673064408,19.43613137,5.298886926,15.81455948,24.72803302,2.786157301,9.076926389,14.26566467,15.73638503,8.914605473,2.061261749
42,65.47,215.9462412,8.52831271,14.22050426,1.097391698,71.30288579,0.972968342,15.44044554,9.033614897,1.944343528,36.36804345,62.9118544,57.23174819,15.48846459,0.070301155,12.29664849,44.08709481,24.14084096,16.21039036,36.61867142,5.7401687,1.44931454
43,68.61,280.965921,18.81139189,6.593656672,4.135169429,20.08467451,21.87124365,33.48723397,29.29021517,25.04185137,7.722155258,5.349900624,15.70415568,13.90003698,23.04889635,15.05347716,7.205801983,14.77654504,15.98043423,32.24911946,21.58615841,1.894208883
44,63.36,155.9383021,0.085852898,69.60508594,46.89892097,40.28013228,29.33555715,33.24459549,57.46411489,24.79413559,17.73862814,1.469304865,7.199271527,68.28109516,25.31339081,11.88598293,14.94941603,23.72134972,20.2015647,15.77944175,6.359243573,1.026339188
45,63.53,243.3139078,14.00066649,2.613211653,5.701400309,25.75047521,19.75754312,21.53964294,23.26601425,55.72985419,56.92913093,48.30503572,11.49489984,19.16995179,38.80417362,15.54498248,1.421729016,20.70697315,12.2357172,5.988722368,22.35510666,1.52629493
46,62.7,139.8120064,19.62589417,33.49687944,7.797322417,34.5698593,8.959676154,12.96294092,17.80019138,3.79790804,38.98920084,47.88818688,33.56312476,0.415575253,1.425402474,21.1690086,2.268920758,28.06565687,14.70722659,101.9620795,15.46867861,1.155547416
47,63.53,227.8058677,7.574615329,31.34506093,10.54436104,14.88884085,14.02382235,10.86429845,0.484314806,6.671838349,26.37326593,28.38324776,70.88978026,51.14096311,46.35172252,2.048109348,2.869720103,15.89716989,14.58829933,15.72667107,31.42599951,1.535792626
48,58.64,144.2102668,10.30461503,30.94412465,7.281137576,43.84334108,1.137848491,0.992887911,23.78025347,34.71930674,21.67118517,7.75056594,53.8779226,45.12837184,13.75608793,5.663480328,13.25690095,4.810491447,64.74553895,7.990518761,65.75008585,1.102072018
49,60.61,187.9431956,24.5182834,8.954138365,22.10700993,18.35367346,12.98186089,1.932484098,0.704152045,31.14494467,49.72940321,16.17859805,22.06116398,72.61755118,47.28627885,11.50576886,23.12356589,16.51095224,70.15714686,5.747103319,28.26984483,1.206115908
50,62.67,125.6947867,2.501753032,12.5478868,0.777666394,14.5843565,4.779528614,4.35448097,20.01392587,22.8658815,27.82440729,41.61124735,61.66086432,24.14298171,61.45115406,60.57660808,48.22089153,8.477810678,41.0450776,19.97697284,41.72862811,0.901835887
51,65.33,252.6105998,41.75772998,20.92738674,40.52263501,19.59479308,12.7577204,3.473154,28.65966904,6.853047619,8.186092625,44.99742274,18.98738797,5.534147461,51.62484312,45.77499531,36.83734498,17.1491086,4.454561468,15.36585294,6.676933046,1.535478496
52,62.67,125.5603981,21.97974187,14.63309197,20.30853489,5.250821951,8.328790254,11.63959221,65.3799539,8.972015624,16.16577375,16.69440508,18.11366217,7.024843549,102.0795804,5.118953553,10.41727519,30.62168251,4.27664727,40.76724222,52.92504287,1.109882796
53,61.19,250.3307685,33.86930315,6.924681411,2.186325747,10.87405342,22.80782598,1.052219601,23.8090383,51.90751433,43.3084001,32.8407747,4.166271975,26.39532431,25.45697878,34.65148264,0.013847419,34.80172558,35.81386533,10.44978058,5.554889836,1.585948326
54,60.4,132.922781,27.1540167,6.70528374,3.971588111,1.820199534,39.21400041,16.156658,3.81765574,17.50109429,1.019142434,6.708703203,38.76950278,8.319097901,23.41889752,14.22873905,30.43869232,95.12294397,85.76934708,15.32608449,9.955947633,1.195450313
55,61.95,250.8289615,52.46816463,30.07501178,17.39322345,17.43759361,0.023369325,28.97679008,11.51044061,24.93477609,37.04174718,29.51828065,47.70476069,26.69813268,11.14024559,7.79886343,0.520458744,15.11340501,20.93034997,25.46570643,34.82507666,1.489625814
56,65.11,134.43762,27.94889614,7.832899476,20.37385791,32.6835459,1.411646492,33.71291431,2.265285203,5.958030007,24.11346898,14.22584619,19.00507395,61.70963928,46.81658457,28.97539046,20.8000375,42.74762581,23.41449749,46.56728542,75.24836071,0.88871027
57,60.35,254.1751704,84.50570465,18.91616306,5.677981357,12.25036775,31.08214661,19.33244093,24.33997078,15.46664898,1.911920682,21.69700609,15.01413103,33.73838793,2.583608091,0.299847184,26.92362148,32.30841998,28.1876431,6.416130596,10.62229609,1.671382562
58,61.31,177.4016006,8.542029726,6.057195082,18.4656956,12.60479806,13.20484984,8.373755731,0.423728984,1.50731479,16.3558447,13.42797055,10.06973303,12.06713944,0.006932998,4.658065458,28.84649818,15.47499505,2.968653948,69.25395653,118.2123412,1.629718845
59,63.35,272.9037621,78.68685584,11.20277781,9.327398215,8.722436083,4.19828473,25.72653389,6.153505126,16.10790412,17.97182399,28.52545332,16.1589213,3.816110901,25.48899527,13.92070912,18.62898671,3.888994946,18.48709008,16.12326729,19.69236961,1.874175905
60,62.18,156.920362,23.35327347,9.725045624,7.348119453,1.947975876,12.64534833,10.4532673,22.94359291,39.32159331,1.465060951,46.79361196,33.35312555,6.813912521,4.417423475,32.40103098,30.82648098,18.10256896,8.858884666,77.77254685,82.13083273,1.160884374
61,63.89,256.3695252,44.35547634,20.05562316,17.2410244,35.76524339,25.86177322,16.64120362,4.877801039,19.89206232,14.316615,22.95489089,30.67537643,1.463677709,2.940738806,30.72100906,47.62448474,24.43843976,1.822930427,40.13196942,33.9515506,1.520153776
62,59.55,147.2435616,2.886647421,0.801393767,37.94993104,21.31321727,9.860981928,7.096248871,6.857199249,21.00760641,12.81516744,22.38012742,0.584663422,33.91036735,1.811785216,24.38297426,96.99845386,71.93059063,15.11328894,2.817695307,29.40655347,1.277105826
63,62.21,241.5843185,1.250923058,67.19908295,26.03632401,11.98283881,3.238439502,3.130972968,20.65376683,36.11001308,36.07714618,29.12872535,24.83209436,3.179620081,19.16883813,35.11223101,22.17131092,22.04710587,5.669891011,3.15271142,16.29806781,1.614342947
64,56.22,113.1278116,24.45886675,27.93527947,36.80894228,25.5549475,37.3404567,0.874522668,1.083443477,24.09332113,28.28544494,47.2817324,2.114095722,15.75886655,4.858173579,53.94788759,60.14523614,33.95216298,47.45490919,1.543409863,9.890731336,0.877993825
65,61.55,231.4860701,7.821052895,54.42913727,1.911672993,34.79748157,59.7112709,59.83341661,50.90499288,33.0481715,2.743762642,7.721707712,5.486355514,3.431625907,2.536594292,22.75317029,9.497975654,3.575125693,14.04235648,14.73754143,12.30692926,1.579304751
66,56.55,139.807231,37.99127515,24.96445288,19.50413788,20.4365138,18.94331064,7.209297576,52.4877477,0.254516801,41.92665947,28.86143662,30.64561154,30.27518608,25.4160921,48.84601127,6.502107937,50.76909197,43.54066244,3.003575877,8.854164528,0.915093706
67,59.16,213.8047546,8.129393298,47.93430554,13.5908937,21.00730695,8.869399493,38.03696434,24.40862953,1.750546838,33.10716495,71.0707872,62.91091788,38.0965388,4.865803041,8.501778822,7.595518021,18.76149201,12.9435195,10.12276514,3.237675054,1.414856291
68,60.75,104.2390609,26.27016085,16.63895364,29.46106195,18.48104492,27.04761177,24.94917797,36.1538127,64.77471688,47.28261633,1.231440536,53.6052775,9.078031588,14.35047703,18.76211132,26.36130597,57.18680858,10.27665593,49.42988931,15.02055655,0.728302201
69,63.35,234.6922957,23.41353781,53.15066031,9.668833066,35.86883813,43.54375769,13.00542424,23.35788795,56.49020587,41.0687821,34.03968413,2.992626137,9.118599538,20.86407504,14.49964326,14.6521733,15.58277943,24.4861934,24.17155426,4.358898944,1.37879816
70,61,146.4793887,2.611705907,11.33862239,52.1718943,22.96626746,16.05434208,9.895064434,25.2390895,5.524890386,38.60002453,102.4413157,20.72748808,12.95534456,14.04081265,65.02514123,9.47496707,25.40298459,1.270006419,33.04835012,12.99599578,1.128488769
71,61.89,219.6121176,31.14043619,34.82156048,27.9779681,0.642459907,0.668016731,23.09634693,29.99448746,60.59328793,29.40240586,43.53883137,50.08899917,21.19172676,10.73207641,32.8120584,28.90396715,25.4972007,12.07670989,22.39684487,36.08348651,1.194041941
72,61.25,109.7931314,2.807932406,6.622787934,0.239009348,20.45756083,27.7564161,52.83805785,25.21823281,6.625770898,43.85859477,22.35961267,2.448295173,48.11814203,52.59425707,24.95429549,20.14542907,33.11957143,67.61642748,0.635011255,33.16827629,0.87968733
73,64.21,234.6883397,42.15177434,25.10907382,2.305841015,30.69825775,43.40099842,22.37937212,14.8048182,11.94753679,12.73007711,39.86203972,65.14202326,28.0450897,40.27253721,19.22025421,29.40906019,12.18004077,25.75180821,18.89904282,25.00235896,1.274178417
74,61.73,153.555871,9.351943653,6.766100805,30.07562755,33.62048349,3.553403429,12.56609991,23.5930631,18.34815568,42.37508969,8.186873922,56.44059164,53.43305571,71.25508912,22.53498298,55.51875054,39.60219493,6.887269923,4.140063567,14.07110478,1.01951987
75,64.38,246.0342885,24.6260192,15.89211239,8.472183847,13.50822987,0.624487217,27.69757897,4.910690707,30.8623137,29.66616071,46.1246837,31.42945697,25.59179095,42.91708821,6.18447133,15.84327177,28.16980921,22.59139521,38.07554387,54.03357935,1.40773639
76,71.12,130.5375526,40.52689951,39.38324719,14.32280739,4.571910478,6.752237511,14.22591363,8.340971655,51.16441316,62.12479424,28.14167617,42.39309713,45.97574877,25.99090359,11.3644404,14.5409468,69.97577772,7.932314385,13.88696025,57.12451773,0.861578242
77,63.3,217.7135534,0.186307214,35.60747009,8.88869739,11.56643747,50.00790186,0.798100134,2.26842518,32.78335123,45.5628319,66.92473903,3.417632327,20.67196093,5.39097716,36.73372912,2.892531171,45.9154875,27.07760762,21.82658151,18.58069643,1.417303799
78,64.64,155.2528522,27.89523692,10.20840753,8.603554306,67.28794893,29.74207353,8.93923928,28.67801475,28.03193182,5.827263977,82.73508385,68.57893729,23.14777744,38.54282357,41.82292813,18.67598642,18.22794361,19.48712778,31.21128138,2.27983128,0.968319734
79,65.64,255.7015381,9.36854694,11.45645462,30.96012963,2.263903603,15.00881854,11.51733277,0.072989458,2.763230997,34.97390664,51.58593043,50.57655941,15.78216932,21.19897987,38.91120652,5.295176088,25.75300488,38.26372466,18.12674928,18.48566932,1.619066331
80,69,152.7197284,23.91642487,17.01360655,15.86159195,15.32470697,53.60301218,11.81576535,10.12807234,36.79983657,62.74577528,50.74212752,64.50051895,43.76814242,43.21446175,24.08366811,6.101109021,20.06176052,63.57347959,9.089759023,32.64818455,0.857331097
81,67.41,271.4879062,30.35628996,3.712833138,29.36765422,12.3293703,5.391735473,16.54647111,34.74420239,49.6983079,32.19128745,14.68587323,44.64256049,18.11977326,5.619306642,7.983020197,7.231566855,13.28786826,1.685871825,43.70942284,41.80735114,1.649505972
82,68.78,142.0083393,12.43445819,3.556289718,24.02862285,20.3486756,22.60060817,12.9856055,8.292253988,14.1996355,14.76442524,31.69546132,17.98463378,3.511669533,95.51990597,6.071130459,80.50306308,32.86314595,22.0607577,53.99426921,25.92397793,1.069200594
83,70.42,305.7380449,44.22324707,1.106216356,33.38841476,24.74913071,3.154046446,18.447657,16.92718427,6.320456699,27.46210255,33.06834804,8.995504944,18.63060829,18.88820909,0.426316055,23.6630762,33.32121463,17.37794053,7.851127504,16.30202384,1.928190574
84,65.4,150.03789,75.68545984,22.40365379,13.20849548,12.3250599,49.65291627,45.68749234,2.195839588,11.66639051,15.42096661,47.45783297,71.0421557,39.99651707,4.156302672,6.716463768,34.83171873,25.44429581,9.191567009,36.65867956,16.97676431,0.975032275
85,70.78,283.5010228,13.32149701,30.23000559,2.419861872,16.63130559,8.307535565,11.35298254,27.54279727,31.25144033,9.080220344,21.54793336,33.31677946,42.54532029,30.17915772,14.39256063,8.392651034,12.7972368,29.9973116,56.50080533,38.05320101,1.616899602
86,70.67,137.2403404,43.54426817,33.74156525,12.81866539,22.19602872,33.55403051,43.23144656,16.55015857,88.1385095,73.61809414,34.12061467,38.26244183,5.939671118,22.00559049,40.14622725,35.80151169,40.63736486,13.69221102,31.87422467,8.525765654,0.770784031
87,66,267.7146547,70.83625912,16.22922053,37.26659639,15.22375652,3.045831725,18.65668359,27.84617684,8.260070033,20.5496494,28.93510655,4.082492035,7.329461738,43.45629382,19.5347548,27.23629442,19.6307245,4.405556069,6.47914451,22.23981945,1.673733291
88,63.33,169.1148013,19.59311941,36.46251119,18.12812972,23.94900717,15.46936148,6.171730643,28.72145788,23.74541904,13.00556362,41.43103271,58.36649406,21.0536707,18.08500995,51.07644629,73.71524756,58.85482458,6.781827991,49.8066045,1.570504652,0.980232939
89,66.14,283.9041887,46.06499976,32.44957439,4.717248396,17.66278519,21.63041424,41.03741367,29.60198948,22.60979521,16.52381356,1.256530855,8.867734554,20.8528446,22.09079531,0.281067812,21.96287722,21.07508728,15.44999368,28.16082997,28.14896294,1.707346126
90,63,128.0628917,29.52853378,11.26628268,21.30552605,6.351318444,13.28529665,34.71087539,24.34018747,19.4459669,15.04930018,1.522141158,8.216224999,7.457060641,2.149857277,80.53379686,37.36187397,90.71542543,50.10526142,21.61553559,18.40217093,1.035919929
91,66.53,254.0244777,38.7345577,11.01631844,11.21158441,47.89139261,32.99890013,6.817175908,15.58011092,27.22862788,9.373439336,51.90637678,22.68497975,54.31350897,28.56153656,20.09655871,4.785198143,50.63014791,31.68178861,0.85742167,17.46145055,1.419222962
92,59.08,168.1279661,12.50812615,18.91253439,32.05307876,23.43447464,24.14959819,6.431264453,8.792333976,36.46328353,4.975227456,28.88402634,29.22043471,69.6760322,86.28273935,30.71604545,3.139819211,7.786775095,37.83255901,51.03969532,9.704633151,1.079130973
93,66.61,233.3158013,59.42927545,24.5090132,42.0579101,36.61998595,15.81746452,29.06838854,16.18231315,29.83873178,4.599080923,23.23555193,8.910882749,43.26603763,61.40168957,14.9622935,31.33137022,12.02464202,37.72669777,21.97492864,8.488382153,1.257684604
94,59.42,161.4903946,24.37490566,26.09951289,1.46905048,48.59479997,54.93025129,20.75798836,3.327922033,16.68005476,15.67701932,28.19415476,12.62904858,3.015458453,76.64180586,40.48168907,3.010638732,13.64179487,5.749566117,11.03294761,58.25331431,1.158990005
95,63.43,247.7352257,36.1716527,59.51588265,0.055562292,0.010993356,34.88781856,40.73133927,50.62888865,46.97943974,38.49933874,30.25480706,3.199788668,10.71203824,12.12212231,8.31707002,29.08625535,14.69513787,16.80144526,10.82986239,1.726792025,1.500572119
96,58,143.6794657,21.60908317,28.34418168,1.84876849,3.136828017,26.49697576,30.02896792,67.91699772,9.501282864,8.514893354,46.45984686,64.33684519,3.946114634,41.66653412,2.406422531,12.04344034,14.76293987,4.46055301,59.29705783,30.67649204,1.065779645
97,63.64,243.7794927,19.66186511,29.46875848,43.04295784,45.86599306,13.92215525,12.78312585,21.32908677,5.572353363,44.3645725,70.30181421,56.07853161,24.49231694,1.308803468,11.90279041,14.81824323,1.087132928,12.2202029,17.08582837,13.72278518,1.457096754
98,63,170.8849109,7.004336898,14.44097345,63.91723185,5.103064087,2.743299459,25.02839239,15.7424987,7.086464939,4.495845716,19.78099737,81.6638796,79.15945962,7.130592291,14.09007906,9.025033512,10.49981433,7.399107553,13.55881625,48.8357405,1.326017934
99,59.5,207.1162928,12.46896858,10.57687011,14.49980342,53.60017792,9.952359484,0.713144308,54.39240429,59.78003307,29.88087187,5.067431667,26.57098891,37.50195619,10.44931307,24.07999493,9.675324552,5.358642172,27.09754302,25.52830372,51.66465501,1.288472261
100,65.78,135.8141145,5.121420684,57.08406819,13.40262235,33.32916611,5.9736968,33.17116843,14.44828184,36.32675993,86.92387297,0.474572097,14.43108117,47.58538099,28.28665959,46.32645079,31.72701964,19.6564228,35.55130868,11.6633424,12.8472811,0.923807786
101,63.32,192.6591455,12.38788632,22.90820296,9.344939714,3.984283344,40.93108411,80.63307488,37.33821617,63.56316007,5.472840881,39.51023757,7.147423764,31.38891157,20.00093768,36.98237296,14.2898779,37.90390786,14.56454423,14.5636706,26.89450912,1.145666558
102,65.9,148.8331677,12.85981836,18.25900538,28.52677543,40.789532,67.62799207,15.01177466,16.36260542,11.13977039,81.14428909,23.58248625,7.069813953,47.6129031,74.97828811,2.269184313,0.66933624,8.690885011,25.90245091,7.730476029,9.463688696,1.096200047
103,63.25,241.0936982,11.6727415,6.218773007,44.85969442,5.72232497,40.65392748,58.43044911,12.37800483,36.22142489,18.96180908,19.67816421,4.289835201,10.83323576,14.61274754,38.73948554,39.43666478,32.64831093,27.40218232,29.71619869,16.30284316,1.39169726
104,80.29,123.2873202,72.15753659,20.58082614,27.15692237,24.56862256,1.858936854,54.90903979,51.28297026,5.898112037,40.03060162,73.5292546,0.328368841,17.4533354,29.77193681,7.519659071,43.68356519,52.16006305,28.67629554,31.46221612,51.7096112,0.757738296
105,65.25,302.9130864,68.36541049,20.11947875,12.66232978,3.640920688,12.43474333,4.353640271,1.599182194,4.356965319,9.661142365,4.154865698,7.760838067,16.48959278,0.147873881,5.025774172,2.150374041,6.927809098,2.738669511,3.640397537,4.115976472,2.652580771
106,72.5,133.0611256,42.89824141,8.85841433,1.55699609,13.80964323,10.24644016,5.776400588,16.07093775,6.554183318,26.67174309,22.31986998,8.044311986,11.46560641,35.30129938,21.41817184,31.0077525,71.66466086,20.99328073,87.1035966,75.70719218,1.021163399
107,66.39,310.1478341,68.3384271,27.32077565,14.74435162,4.870219846,6.123619,6.464136833,11.07300821,9.504258889,4.793070838,12.76625383,2.032130962,4.650914306,6.580218536,3.876656961,2.765264168,7.812746925,3.835723782,4.345741721,5.575969263,2.579643172
108,70.78,140.5606945,43.23122849,3.792896465,5.082171378,0.058165509,14.4757914,7.303451677,21.16141474,5.758825713,26.8071319,40.45378596,20.97996389,40.96280661,41.67936584,23.96072653,25.76840186,27.44416368,2.338189254,93.68851781,88.71273866,1.039005826
109,66.7,263.8452173,60.39941592,20.75999884,27.01670605,6.553623946,30.20250361,59.76140872,26.89486846,20.54751033,9.679753774,2.425269279,21.05564963,18.08644834,57.93542879,31.98987896,6.624138738,12.80170865,12.23918237,1.705856565,48.58244801,1.491379293
110,68.25,187.891486,2.483693744,7.361155362,17.60017072,1.370260176,6.925269826,60.66419087,16.07183725,5.826912437,10.93297087,21.88521163,40.82307025,36.05007351,7.093270283,91.40689929,39.60173833,30.03751071,26.12933458,65.85654648,5.735393347,1.243774145
111,67.67,296.7073329,54.467427,6.220659671,46.16638718,0.503653797,13.5508115,15.54928569,10.61220537,36.14738279,19.30343522,8.530234872,22.0894421,4.124447748,26.26698775,26.98782005,4.489213589,14.74066513,20.2156853,19.11777072,20.39296486,1.85823388
112,74.1,164.6887081,4.983397441,60.75308056,27.62281209,30.93321799,3.816430479,28.42382896,74.75256978,7.581296281,14.70392305,51.24293536,47.40078104,71.30997475,26.88650849,30.18146419,12.88702453,19.6535206,29.51936445,53.84984655,28.87459364,0.891066381
113,67.75,232.6208008,16.19104297,50.25466226,7.931715042,5.003024818,26.51990162,66.88572766,3.276743213,42.14240889,2.38457525,43.32166158,57.2563602,48.44895882,9.721157425,22.22524592,41.21411856,2.555858153,24.84836793,24.68312336,13.2993592,1.31876711
114,61.88,111.5449589,12.91313924,34.61348073,6.210754698,9.345510562,1.917463885,16.35070974,56.18680628,5.79884299,30.8135683,5.72709356,40.06998203,75.36219589,16.66601428,33.6164973,56.54905094,0.608225372,4.91738522,13.08125542,59.69700303,0.970511052
115,63.63,203.2794636,12.66952573,21.00853123,21.74900804,42.1249924,3.2433232,7.720289083,32.85535899,72.82080029,69.49132287,50.05017903,17.24479326,55.25239009,21.87494505,3.618513253,18.09704653,20.09257129,18.24588896,3.669114115,10.20364546,1.237788304
116,64.09,159.722263,8.266573185,11.11951176,69.03465752,37.85350616,39.26360694,40.94861241,36.70303699,19.76250392,69.52247639,37.14452286,29.9273578,0.271821404,8.935627291,39.70622124,12.10361436,50.29671244,32.79009357,31.94196394,7.751222729,0.909721502
117,67.53,240.5120068,56.09065977,27.17151399,29.34865644,0.878716658,1.426716222,54.21689892,19.89145213,64.3114947,6.049560803,27.53871752,49.36263293,3.852767697,3.338944251,35.96243289,35.49198481,29.46881764,14.65976576,18.93510535,25.41227821,1.348162282
118,64.83,170.4221234,27.06185923,5.431435038,36.58272749,28.8815487,2.890037756,10.11299193,36.25385123,48.72505975,67.63533591,15.00352905,58.43062429,24.21231758,20.14156743,4.820824052,11.86335695,64.8254675,25.19791849,65.70637462,25.54666683,0.977366934
119,67.05,280.6760643,77.46888014,2.676647485,2.878620244,6.961912743,19.12788288,0.803545742,2.724119423,24.02469779,12.9200975,5.552841416,24.95556536,8.205155892,25.69289521,28.20187145,8.480963602,15.26937072,18.39497395,22.5792958,21.4441971,1.959414666
120,64.64,163.1145868,16.61227761,12.86790564,24.02841555,23.49060776,7.901644365,2.806897493,6.617491352,3.862687901,20.55183806,32.1087703,12.01878605,15.60970702,30.91328389,13.52399223,18.82823157,31.97499038,13.505505,107.2613931,68.13647296,1.225784752
121,66.45,282.8080002,79.38292138,7.00575985,1.346218228,13.98396448,35.41780877,7.749784166,19.12420315,19.97286391,24.44377861,3.308167256,11.47913265,27.47287978,5.493713468,13.45029975,14.8579998,19.0383269,11.90305358,4.522950354,11.99960981,1.956125919
122,72.89,144.7180105,54.60057942,12.02186004,6.856009584,38.65122997,6.941421298,21.11292693,44.9037919,1.109989895,20.84050155,18.58827088,18.96039972,4.378959277,16.98691619,40.31557836,11.32340406,40.69583993,31.92034035,66.86606484,109.3879875,0.997154563
123,66.81,275.7239453,87.27461613,6.344435725,15.8691035,19.38705483,1.291455673,43.98734684,21.18584766,0.896552596,16.52387549,12.82254944,2.259257073,11.54085948,36.65125201,1.220416345,16.88231011,8.77371076,24.14690211,23.45056778,30.14569091,1.795903369
124,72.5,166.3264071,49.48191404,45.14054234,4.257287321,12.27995848,34.1567184,34.9326434,3.611067596,8.271154954,8.352998125,30.68131489,40.4519239,15.02332864,3.436099833,26.35156962,44.41223892,26.1942433,61.85866312,87.09346533,42.44191077,0.977626862
125,65.36,308.5419239,71.29059582,12.66980679,18.81527713,10.31596961,5.95414388,6.357090596,6.986927845,0.204787482,3.348217518,9.062335475,0.691001813,11.56210373,2.628573607,9.209044389,2.754483874,6.929247239,7.742645047,8.176446067,0.483866927,2.646237701
126,69.9,160.361598,9.503957689,39.5404468,13.80806998,36.64712595,3.221141213,20.47273025,16.66800899,2.187805969,23.70040158,28.82485394,29.74327535,44.38543616,23.39441857,8.607711647,5.652711802,53.65659967,19.51398334,99.33890178,55.28919186,1.049868692
127,65.09,269.0430562,18.64438762,58.32477033,26.09227041,34.01855058,8.41143253,0.248479558,21.85822387,31.80302422,22.81540332,28.75731192,42.19239092,41.02476884,34.09921995,21.99322395,15.89064928,26.08585177,12.73929408,7.184079393,1.116448537,1.529704324
128,65.64,165.6381599,24.22717912,37.65609376,48.2577752,6.125668726,22.76305797,20.25729434,8.254165311,26.39705346,35.58363956,19.11064959,69.70368809,60.25320212,0.161383702,16.89297443,1.524600464,38.72022331,1.717782742,57.02664998,33.95352861,1.033090911
129,64.67,253.4427863,7.25126563,44.10908594,16.99074821,26.96976859,37.12073543,3.397606425,33.97340346,46.04279757,31.20655026,6.518946142,17.24196518,49.74156541,44.63718257,40.44794794,20.30960824,24.66236081,22.53596588,27.23605585,26.8166054,1.304412112
130,69.5,185.3524282,29.12589331,39.72385502,64.56430988,38.03053827,24.91273035,11.5876039,7.018355748,5.39496495,57.71832537,19.67877363,8.769709817,5.518703267,46.10895481,41.1690849,46.95795397,25.24305391,29.45449229,54.38728809,67.89157247,0.949303023
131,70.35,288.2189507,56.73776245,17.93707909,58.68036441,8.869046776,43.79848581,18.02000402,42.94950869,44.68118779,2.781145686,33.30129353,13.82828819,26.56903346,28.22681298,4.918017089,15.44542137,2.000982,6.550773485,10.91915962,3.645616283,1.659181837
132,69.4,157.1986899,18.70435831,7.195535067,24.32634907,41.17076519,13.16965124,42.07658455,17.8766412,11.26068614,43.01114885,24.660877,33.13864442,27.45962698,19.26454152,19.70756215,19.28274549,12.61084973,11.52281962,69.4327785,111.7743746,1.00565472
133,69.37,264.4269087,89.73159969,41.44265606,24.29166974,32.26190652,35.13689805,16.83966296,5.222848468,8.237123755,18.73238323,28.96407509,24.40050179,0.625232441,42.96196165,17.88295691,15.4284432,41.79045601,6.548765935,8.550451017,22.25612352,1.48932835
134,66.64,166.1459035,12.22675586,32.6055252,27.27035097,4.15974692,16.19059698,38.92158123,44.02751639,21.54219509,0.433486554,31.15191707,51.43021637,36.48610217,27.87549085,16.85681366,0.475269543,66.22560228,17.94596567,79.79347818,55.01086391,0.965322401
135,67.95,261.8476701,27.44315906,59.6465194,48.91848223,26.90695743,7.816781547,25.19927908,19.41748124,37.82522384,2.936197653,52.94100958,34.21393298,19.66813382,49.9366095,17.34599443,5.346638679,37.97528813,6.384685349,3.776614067,18.11033624,1.414664538
136,67.67,132.5243905,42.86002516,18.94716338,6.738922429,46.70773955,13.70683954,66.79429587,30.61839429,41.88388332,25.65760364,9.387792573,0.239313335,1.992163595,19.08566672,9.375850081,5.872699241,12.27657925,74.67922612,25.99461536,92.34518758,0.990567614
137,67.5,242.5135101,14.36871807,47.15641623,28.46829044,30.60917277,9.976496447,18.71138802,21.52022367,65.85239626,45.2886612,44.44284578,15.35587113,23.0914371,12.96983481,17.86216218,37.00067088,11.03322734,15.2490799,34.42708627,7.090808323,1.330748682
138,71.85,206.882921,72.01886284,12.68989177,64.26785262,56.95710275,11.65891945,50.73751025,65.82513233,40.06895289,12.31929604,35.60374598,13.13936374,4.582491548,36.6911533,30.6836228,5.814896516,19.39999137,41.51029384,5.570082257,50.05478884,1.038871071
139,70.42,270.7988397,10.17460276,43.9360847,24.45134941,20.20081898,19.74382371,2.925101528,41.6924276,18.65761552,20.49931043,41.39259127,22.87933455,10.06383988,42.11161137,58.13815378,43.48285846,10.78939687,22.60859113,6.541365063,9.723734562,1.502957947
140,63.44,129.2493319,20.55474164,16.11383818,25.88821253,4.39536215,25.64952122,12.12677374,4.548857179,58.35244723,2.558936823,4.647730967,19.71648823,20.05765223,23.43597703,93.04427199,0.204452913,89.83668385,10.45550358,13.38997163,14.08263351,1.167435008
141,69.11,258.0147969,24.16593673,41.78540112,18.31363027,10.83539804,61.24807052,46.52162938,19.98303238,54.47589307,55.0268771,17.11271883,1.897982434,15.80395321,12.65216952,38.40395465,5.647342311,11.7322291,24.10586515,3.864588811,22.18892921,1.44108916
142,71.36,180.0913511,3.685981393,19.75729056,38.02206746,10.10024115,72.20811553,16.86048595,3.01293907,26.34304335,47.90031426,60.30701572,10.7120028,0.157018735,11.60122729,14.2908877,66.65212056,32.77990481,56.11193836,19.21706302,51.15970865,1.065590045
143,68.59,296.7466944,44.75110503,13.04048458,55.64861236,9.867759617,9.269067234,16.93566198,6.664100646,7.580993629,15.88248311,29.00421804,20.84380623,17.38719558,31.92933423,5.949886782,23.24226372,36.69642396,11.3632432,9.648648425,11.82026499,1.832091828
144,71.2,158.1700404,5.870045204,0.951328323,65.33695428,2.387126794,10.27956785,64.02307564,11.05891104,31.44712861,21.02578798,1.644452379,6.017394343,16.60640525,18.1142656,51.72358832,16.17810616,76.34795309,16.94871457,47.52833206,75.12154477,1.081796456
145,69.39,249.300955,43.90967388,2.446405509,8.666614303,48.99534767,53.48396079,8.496947716,43.54452261,43.30442606,38.05872009,7.163213077,4.993639839,25.31959952,41.22002768,39.20498645,20.98549628,19.35477618,13.93524956,0.036362366,28.14418758,1.390845046
146,67.6,155.0850361,7.442050052,55.59232075,3.379527209,39.61620175,23.98565788,41.86588548,37.69207533,48.77119939,28.79835209,16.72063909,34.29364728,53.802616,7.690562789,51.24516762,36.61190682,23.85216731,5.370859855,45.56320229,41.75366356,0.827148083
147,64.84,229.4722188,26.95739407,32.93313942,2.620771902,30.74694782,51.69365344,55.50985375,23.96444155,59.44904203,32.3285628,22.59721482,10.25252175,35.20685005,17.08057936,33.17509074,0.230157563,4.830281301,8.306429911,14.15723143,26.95099403,1.317283245
148,62.44,128.9316424,13.91003588,19.44964056,12.7380518,11.52688547,50.39199603,14.32735672,0.076656559,19.75815266,51.5826601,17.76371319,11.90547465,82.76222903,27.50868549,11.19033352,23.81923992,58.59843179,28.52023745,31.21987174,16.05910137,0.937318155
149,68.1,271.0636609,21.98465735,14.50499234,68.07873097,42.14468666,12.38240086,26.37820786,36.03185445,17.47095179,16.61511322,35.40268309,32.73268606,8.110977999,17.12567857,7.846837283,5.904082953,8.635605243,17.55457654,6.898828564,4.306030689,1.685850055
150,62.5,165.0735919,2.873498398,30.84883427,20.25914686,14.51366309,15.97940704,26.45044802,24.02681682,40.35103104,43.37316179,1.419691258,34.42467202,5.537027807,9.958137414,7.25384721,22.8454357,3.009998715,94.96569727,76.3952078,30.50949527,1.138687843
151,72.85,258.8441861,65.3242682,9.32357416,58.85933082,54.02069353,6.898969281,13.28291953,57.19233399,11.60250655,27.71506881,3.921406677,40.18540747,12.28205266,18.74206246,2.220823667,2.518936086,27.07441638,0.575429502,1.134251682,7.404541765,1.639792343
152,63.85,183.090879,15.30888434,35.71109694,8.772326295,26.94584719,16.48913601,24.5966782,20.63272496,60.17024991,24.20392506,23.75289668,24.45338806,19.50976101,11.32009135,18.35166059,100.1251207,58.52662205,17.04020184,14.76257194,21.53444885,1.093840999
153,71.42,257.2239499,69.04287817,13.46208306,22.21525888,39.07207239,40.44881266,37.81089751,40.19479468,18.77397915,6.305051026,44.83682461,8.931017434,14.58027022,49.97748346,3.074911476,9.663241732,10.1129025,27.65823493,1.485872927,14.04327199,1.47261302
154,62.42,164.9113705,14.98466002,0.276619516,37.52212717,4.025693329,0.684803139,21.80694959,64.65412104,9.688148538,16.59262468,29.24309734,15.76894513,7.319796545,51.29966883,93.25533515,64.8672343,22.95259797,24.40881449,9.377443422,1.116448537,1.189709131
155,67.71,270.363885,57.09528043,28.78153263,7.521045845,16.77468391,18.00568956,24.59504036,52.80258094,15.51622566,14.53208486,4.42550863,30.93091815,5.999824466,25.64124969,36.46354471,18.80879256,3.559372618,22.19144544,52.23592183,2.034111472,1.587338474
156,65.55,163.7288863,33.24385241,28.6685998,25.96116884,28.08837977,32.55659343,22.02403712,12.66232276,49.54446685,14.75514025,11.69663846,2.439677172,41.52837605,3.40046843,45.16533329,40.53186972,82.90851073,7.30104835,48.66875629,46.26803056,0.936909865
157,68.77,277.0563028,70.9655216,15.43714156,48.70870833,17.66982375,11.28317666,1.849814526,28.97870861,10.22410794,25.04451883,26.35984904,17.04495033,27.57796091,5.061744726,15.22359054,32.13265776,35.59389649,5.27859548,7.533533302,29.56399954,1.628495508
158,74.67,154.1673732,37.7149775,0.339592133,75.02882857,48.15767275,9.070774796,22.55528997,6.111792522,19.65187516,30.8381817,40.31482015,10.66803913,4.981078934,25.69668429,72.23877068,27.3806608,34.03928784,42.55969959,38.20992023,55.97743906,0.887789357
159,65.45,291.2800783,42.93939994,43.15809941,9.030931289,32.44144011,0.111554045,14.61912589,5.514231181,2.527228659,0.495668646,7.581140849,11.58384902,18.12101039,18.11158975,27.05086716,26.76263484,29.52430492,30.33064127,32.64908831,24.57811366,1.812108964
160,72.92,211.7745991,48.80405639,29.91257909,13.7681978,32.02783806,15.53053892,65.43801434,72.17042331,22.76243946,58.38638682,1.398296271,19.6657557,7.809296183,1.971417318,8.858292422,71.84083145,18.61251024,44.78695462,6.919304404,25.4412697,1.170980361
161,69.9,281.2962979,35.1811676,55.40170237,10.87935575,0.35274001,22.05577358,0.296428721,8.476009678,29.04511998,43.87626752,35.84131194,33.4865218,9.122400356,4.34915206,14.38148266,10.47102946,4.540424541,19.5748267,35.80436508,29.85665355,1.715096858
162,65.83,173.779861,10.36116989,6.326401849,10.50926809,25.25927704,7.472117278,55.43599185,5.428763928,1.051554497,31.50327479,57.51178604,44.82995615,93.07157849,26.38436643,59.34953774,13.24170164,64.36404435,12.75632844,1.108335786,2.918007564,1.16053541
163,67.82,267.5830634,43.46879482,16.33846692,42.09823699,0.803249621,15.37868578,19.04090618,25.00074338,46.70388591,42.91464942,11.64725362,50.8130466,31.61499068,8.622665712,8.207024919,17.10623802,13.15257278,5.707943435,45.7754609,34.24140727,1.474826335
164,67,167.399538,14.05118656,29.95853529,14.38625639,14.18353764,25.54859543,6.261510741,22.76734527,43.88105742,102.9295995,50.57374514,58.1495204,41.04504985,31.70007231,44.41805888,5.092996907,11.09444242,27.31828414,5.916413282,13.38006025,1.030836197
165,65.36,249.8623863,37.35550491,8.294541457,27.2534704,26.07950674,18.19571556,9.018943294,13.98978795,19.4029836,69.49585391,68.5582707,16.10249124,3.697970342,8.550323805,8.926080901,7.127667974,13.35227283,22.86510667,35.56207439,55.46014467,1.46490807
166,71.17,190.0751315,23.67754486,51.44905061,34.2355686,18.47879437,46.058988,12.77440662,13.37474607,38.72888518,5.997862877,38.04427148,63.14480337,7.563924163,26.30807965,33.93341648,55.39207177,41.61607471,3.958444072,28.56409892,73.07310724,0.970661936
