Time,Average Speed,F(λ_1),F(λ_2),F(λ_3),F(λ_4),F(λ_5),F(λ_6),F(λ_7),F(λ_8),F(λ_9),F(λ_10),F(λ_11),F(λ_12),F(λ_13),F(λ_14),F(λ_15),F(λ_16),F(λ_17),F(λ_18),F(λ_19),F(λ_20),Time,Average Speed
38.0,66.59,227.1522066643988,1.8007802709958103,19.774560636456137,9.119927700684702,8.11001783559817,11.343599889372618,10.27082987408999,16.99943942603427,25.82913842669908,72.71516034006268,65.47108075660955,13.008971712372123,13.865360678634762,9.763009746740897,5.4861143418640825,6.6280541642351345,2.6249696804197953,2.328346345048468,4.211469231210085,67.93768735822863,38.0,66.59
39.0,67.24,268.7675255715908,33.55841011469009,29.74719621300417,14.79014644563145,16.913650562243653,11.826321714392437,37.021370470869,1.8024435182691825,10.098117491960807,35.11376789544698,47.57274134387072,4.805625024925927,17.41553620187188,25.576628007675204,19.00487755002274,24.38513990023096,10.456941595903603,1.1794732055242054,7.516413601155385,23.847707601101007,39.0,67.24
40.0,65.5,264.2857667240074,54.96997961876724,4.626851973054121,17.834919084214583,4.64700848165584,4.44609276532038,21.229195113938463,10.893894097395274,15.138201864417464,0.9331882354118903,5.377863843695353,7.691949386889309,4.365186490375109,9.68155302287609,7.405101072702186,8.399813347279917,34.13924581827794,33.48817108150169,48.59410745826712,26.78597527155346,40.0,65.5
41.0,66.19,252.34461984130078,57.5966992388087,25.575574798299748,4.214854428052266,3.0477114424361247,14.963475332713669,51.65930732154122,26.92550156918968,6.731640141867379,14.430317714184264,22.510590863100887,22.35891274048982,17.51381876222889,3.7391790863656116,40.00906604070179,29.75276620981797,2.3040955074545852,39.425947273834076,22.7991333982087,14.30727388692835,41.0,66.19
42.0,65.19,263.27307668013435,46.73554261509436,19.8753783460159,0.6227331330921935,21.477328461233498,30.16809558957155,0.4603795875912624,11.28968377957871,13.657556240828882,11.864346379936958,7.387824274029372,10.692308997542936,35.24600924095425,13.869330300637525,4.335111654972881,6.764003872652301,44.59253238749053,33.4136126114831,25.300034557344404,0.4031658764388588,42.0,65.19
43.0,64.81,247.76783388532752,35.423253003625334,19.09349064883669,9.700905221220296,38.544778274398894,26.953536640794034,32.235246566476896,17.56497863868462,27.231214455075488,37.79451637778101,24.269961246599543,22.231054820377594,12.24866726853083,22.585350437258903,35.668904984303865,32.916950380670876,0.20425448909299426,5.926776195243955,13.46534964457378,42.2749139921469,43.0,64.81
44.0,65.81,248.4282482912878,32.64664165450388,10.43826944428561,35.9976518945171,5.333390503000356,14.022998423983509,12.16704984281686,8.631108300667977,20.348921512676828,38.005558174489096,47.38922812139671,17.921744399955166,15.51080228629186,22.834556098946166,21.33291845509266,10.286597854007494,40.418544101409964,33.74015817420671,5.857573940704722,42.889213512357614,44.0,65.81
45.0,65.57,249.211522601291,22.35091498831602,36.24050223295039,8.483254325888986,28.486052214018436,8.045021097950253,40.278438206646626,29.2640748238327,37.22718708146832,26.69482292274092,6.694967700092977,11.094434896950869,21.005139015035112,4.1662633234061754,32.50314763131618,62.02631353141484,3.254110850827125,24.791442211171997,1.9973699271138976,13.301337211716326,45.0,65.57
46.0,65.76,234.66330425905448,25.26372067020023,19.896303893084646,38.619488912586604,3.974673715646885,41.296278619106204,7.36809363412539,6.780003974534672,22.81771675725097,11.553007796240014,35.51754079804087,42.068839741301524,35.29664386390306,14.52609880854724,38.88842003263021,8.932087403956107,37.43610720956799,58.42374307113524,25.177680286691896,2.83648719340024,46.0,65.76
47.0,65.4,280.3170352992961,41.513300556122566,22.013372811115616,20.900876043667836,26.40349967084979,5.48847599653673,11.269537961899443,16.708873003966254,11.129899757454764,14.263660090699123,25.84895247955081,1.9621610590698513,2.8593007501944214,20.994834976363343,4.451826266466309,11.09694225400557,28.148838840893337,2.3999003994592822,3.4970500239434603,10.977369061474537,47.0,65.4
48.0,65.0,249.25088411837902,37.31751330588206,16.367572289834385,37.793428099571685,15.26838400059509,45.7086886439491,10.399413104633126,8.964633723298999,2.5746742203304436,0.8346017085117907,15.227031307392812,1.4920700275856156,13.99563216904219,23.854800625130615,1.9323222975404786,49.102840902001425,16.737404975759656,11.457975179077113,63.360746967347566,2.250020468840777,48.0,65.0
49.0,66.14,256.84663879486675,80.9109555256401,17.822800252790916,14.74102417594553,7.554691000387408,6.479400438010087,18.977531959488026,0.6510713077777508,0.6086861017126388,14.88309403029803,0.7587288320723606,8.986244705775846,11.45837933252028,0.3069970838154479,17.089732973445695,0.371551139013393,7.975536848366692,37.99229858722354,36.39399770952157,31.10155666623544,49.0,66.14
50.0,64.82,251.15340430208283,47.173012473801634,39.07144465484535,6.139354531627317,19.524240173026904,20.037589535096892,5.544854780022883,19.439953601973873,10.718618721167985,2.9072970991487974,7.745769346136065,12.069487431818592,7.201422503858261,20.221301433375544,23.23846034762083,14.168121779892754,50.14505995720005,3.4001796723443913,68.4554530890001,3.5036549680220492,50.0,64.82
51.0,64.85,238.4933800852222,44.995563403784374,13.580941459011846,5.8694121549238805,33.231376248696165,21.76731474691364,29.868342346541667,5.4453333540424484,19.855623439931158,36.87904712924678,50.75860355177293,3.186564430636478,16.541926165065494,39.38565515517728,11.66437232308958,5.1896658101980915,35.00560597380335,28.57558167196675,41.155272729625494,9.275612494983406,51.0,64.85
52.0,64.96,280.03195397412264,56.37041282153664,3.6389008772608697,17.3164026587013,6.490736380424746,7.693509407963026,2.999042193220591,12.749901896842427,7.435460813286918,1.1427455969740201,9.281684632558482,4.2634474123658155,14.802767198945523,9.905010122408912,19.218496552233887,15.795382098043257,24.221178635266305,14.723542778174155,25.664478816505486,12.976894369454872,52.0,64.96
53.0,64.32,235.7403912787761,24.53981419973822,14.76637761382737,4.872164709195532,28.317735656399698,14.517688327699366,1.051566619858992,28.49121173677972,25.232199377451497,35.00544714958273,38.728788009582196,44.48691176757142,53.68390479463578,28.20723391978838,23.963348447917227,2.918195837752453,49.45870961075306,6.017175518751873,1.4041016780230464,3.7696348820900045,53.0,64.32
54.0,64.33,267.93254170205546,36.89097283292647,9.18407699162944,25.748337609207443,1.9527562101509766,35.34536568104642,9.514115857014717,18.397162266868932,20.14292573429428,2.318451316341635,22.616317190632277,5.1465178895173604,9.586184956682251,30.085916885730924,8.413084841910127,33.198881256186276,5.213600634388371,12.796880462040802,22.724047592152885,2.319192797465549,54.0,64.33
55.0,65.91,282.94716420170016,58.25523494796395,2.2147969355895896,2.3626085220537902,9.170524020744141,12.297978330531016,29.046597660014086,19.123913922669725,20.632731256248597,2.9269503425069257,2.298425146185606,9.830122811400383,7.525406035594589,22.164754225221632,3.995115402050949,6.287818043090679,11.892577277280594,7.825033018577768,23.87834089073963,11.89701001284185,55.0,65.91
56.0,64.1,229.33107678872935,20.17465425734217,16.458390847788195,35.52068981732616,5.361438790835837,4.162982553525891,33.61938030596434,5.763175652208258,32.441145908835836,2.647686381267002,52.35810816336962,10.49495738474824,30.296166188052382,73.74491154254565,9.928952685775615,33.03546855928074,18.874668092127123,16.739735107789638,4.458308032695795,30.57273354886333,56.0,64.1
57.0,64.43,245.3901781596679,34.261282700826236,6.0309959340768575,12.959641208357125,48.24868995366758,2.452068905094423,1.94516495731909,7.333255772146522,14.402119723907678,9.937761221767692,24.523724734694113,9.750881998179032,13.029901310545176,22.708708818969605,47.35954712718589,13.567152371505454,43.068641898216946,32.60900183050211,50.745647372327326,11.639761483320138,57.0,64.43
58.0,65.48,267.4669568656531,30.177538651572345,22.00297753509263,2.8825961885810987,14.074532135584414,15.082937813558729,10.696607192069214,35.49664922283743,14.822854265935074,36.45885352870973,23.201689040509613,36.07993129163632,16.00102964362639,25.074517847736857,4.09581415723462,9.001329134704697,16.09625468806035,6.774646618431017,25.403792299346495,7.831923779020277,58.0,65.48
59.0,63.27,242.83119960177407,18.324717833486808,23.96263378342588,7.504013496708492,17.947311299605538,25.361678769226224,34.551708371261476,10.89490155541155,2.2956155004076333,34.76499582412596,42.94964719621649,45.76762868709701,31.491678608916096,21.571063329516218,4.018955881552559,9.358043128249422,5.466069127386509,6.937430291529248,9.443323745986762,10.66247692476547,59.0,63.27
60.0,65.77,230.80259830034385,7.1439079092875755,2.8123480100159366,28.343644775664593,32.911455763714734,15.23214663069574,11.255114541833633,14.567548095465026,44.89513952070871,24.33507056604602,26.7043831791989,33.42443742284716,28.74170670703134,56.59507214690065,1.1259249381545153,22.56548641486129,44.63199612169878,45.53396871658049,28.475316852878265,3.5967040605279017,60.0,65.77
61.0,65.27,237.78405345662136,8.06397353960656,28.291359053862287,11.341223675451072,11.313082500396485,2.1486000153172036,0.920340805716414,23.841652176298076,24.832035161778208,6.281952131487491,24.038842913126913,44.11294675127642,42.61426774595425,75.88487566899259,32.339095638914344,3.8564210655097053,6.358583000599721,19.665538744425316,16.846056596262564,2.1848041719860074,61.0,65.27
62.0,66.55,234.8370544016227,13.857309421267239,7.041008217955458,35.38270510257852,1.4678235105054984,10.284421191024924,4.119416852723556,27.136645326113182,12.367704178801828,0.08645159994591367,28.618904378161048,50.836225030596935,77.59605229299372,13.907220140419872,12.242637048252783,59.428450567278865,6.7941960024083485,13.917266019309176,10.708202232276172,27.04997716973643,62.0,66.55
63.0,66.17,229.1863181366911,1.329619083919816,5.585771649043718,19.07781998371734,17.386093175668087,2.7891932280645353,0.257304900274578,12.919936654866433,20.486964656329633,9.472274592969333,8.556817687466305,1.8656099729438216,75.52983247472686,74.87117757032465,43.06670472300917,26.654778546691908,0.8325029152704122,4.104569866886667,9.135848733318182,12.159033895139805,63.0,66.17
64.0,66.91,252.63645453513578,20.33529794354922,42.95256695122811,33.549506431092354,15.517063592137731,3.817681524708661,0.6251954184817485,28.62912157679684,8.563220302056228,19.082320129848643,19.851617226340835,15.416782249709723,10.536734976007635,46.2356790280859,28.291548804291345,48.14762905990888,41.59497831000027,7.164988575028437,36.14189416218254,23.32645717339619,64.0,66.91
65.0,66.52,236.3364087088885,12.633887565656266,42.08809729944212,12.797006981267323,4.832541035414435,24.801483204857956,30.621147434614887,0.7598939470878658,21.82950103299766,33.22789242457604,24.441082133890443,4.611255672040173,28.37893427471529,67.53668740761151,28.14282728554543,41.626412557663265,45.23777135544082,20.779693780477988,16.76167218989363,33.58297088483175,65.0,66.52
66.0,67.3,269.5181917331657,52.77397392707429,39.70579958527587,23.943031972998305,12.001029763889408,22.440428024513945,12.248473052882693,11.999002096247192,9.192178905581374,3.189059745382444,11.883638008671157,3.511643366962245,10.152194341660806,1.79631331404868,35.27325205902492,14.248875732749086,16.811826888947145,42.26902329337842,16.873651270234674,30.12740881844462,66.0,67.3
67.0,66.68,270.6143801639925,22.84838495044901,1.9842672277679618,32.065637084196695,24.643317600396205,0.4033164481492246,0.9708533089584908,31.507553835543447,13.031412772090867,21.545825925467863,6.023901085397865,0.6428772775612757,44.40106562648174,15.749113738384406,8.064009318167079,28.710400449707578,48.441283890705115,7.553523663861277,29.09533141882698,34.041802352572844,67.0,66.68
68.0,66.67,272.1483206355707,42.8095803399318,26.504295393205044,8.26730684744873,19.86303682637884,16.96326811245949,29.516667065183096,25.258867152238427,33.37030179976129,7.879124159195155,10.531005298214597,27.30435549285118,15.91480519239616,40.25338922919479,16.072488054856223,12.28382059149597,5.208842798698122,25.876387599865296,7.336414632501297,30.639927861603024,68.0,66.67
69.0,66.52,256.2677447599752,49.10383525382908,19.43556578384839,9.430763074948626,29.58992902241751,26.285424829756046,12.790441132454038,28.973820644931283,27.948154298890465,12.926307736635453,2.2716197897697334,30.988198402830598,41.80875548401434,3.125281646812933,40.17930258608494,31.4868269825758,18.237810796600268,15.488031631028994,15.707220477228223,42.65024707293458,69.0,66.52
70.0,65.95,241.0284818792362,39.179762799069636,4.109784154963213,28.24092058950074,17.414571312406125,37.06313927795807,10.30246146690597,30.947036547311168,34.166960271851465,32.80563509594361,18.75028076441655,27.521040298856256,15.917202391017941,42.09869302533863,35.76113386931282,0.40825900702227536,16.475153057034525,35.76092952182667,37.27427654733259,18.495220024791966,70.0,65.95
71.0,64.29,251.6833861143347,7.076987456411908,21.760825439938994,29.980247763617058,15.203853076701922,7.7925691474372005,13.364407456371879,26.581945392417992,18.532686720458656,8.260852189861614,2.679737615381745,51.335561677331064,13.89168977301772,48.303939725613645,37.75076537984165,2.7484131411712394,22.31713469779067,3.7830792100429154,21.54947312020331,0.24374179219924663,71.0,64.29
72.0,66.2,235.90541003679837,37.462147867806124,43.367437797595755,13.585483943300394,34.483937172382866,6.076287619391339,5.455208695346281,1.3720709084626712,2.9863564262265925,11.571863487889718,25.92427403455975,64.63589331266547,49.4749488811793,21.087969448194368,14.580008887231434,52.417954403117605,7.460850962875556,34.62557486713447,19.170388557934952,4.66226235881231,72.0,66.2
73.0,63.47,243.30913248062024,1.0803465350430024,25.911505168429457,27.536703217962977,9.353929101305177,3.873498906766484,32.70672462858823,15.751664222986301,6.657199133417777,14.681990561310268,31.443665443751264,3.652621335139779,47.54626320095021,61.7099143226546,12.704562677740602,32.109636425432804,29.595411748266372,8.875969759588248,16.250239237478844,18.374338136634893,73.0,63.47
74.0,63.56,227.18761214971727,2.4429136807452405,5.453094289439967,9.782734621281012,22.23817703903104,7.494647206552772,19.631285996502296,10.504662196644972,14.940119655502098,28.629573565168247,4.45452992939952,28.59440932978051,4.48567910722541,68.22153366062581,70.76474911042298,26.93350729909664,38.71810172254927,7.0935214828210125,9.783470425162271,34.1483581824013,74.0,63.56
75.0,65.6,246.15714839545723,53.14752848656942,49.57673979094032,0.6020127653305138,5.489642530347181,20.66427762185292,22.60458056254489,29.676045928747286,17.76895665593957,7.802999489463767,6.765407393559167,23.23655614445005,31.38750047345952,14.825168319297816,14.412617441062377,15.051012326718991,1.7618099164339966,42.94330987550132,19.588074650190087,42.42083133906403,75.0,65.6
76.0,65.14,263.31243819722323,34.79039355445823,4.9399084919447755,4.594821499780039,50.50192367705864,5.416005020251561,35.97488267560831,1.5645140911103166,11.35208678243923,3.8753515510893823,27.240545738177072,1.5444766438395767,10.962310881103901,11.444363554075313,49.4415932281073,8.536691941969385,30.676082231725424,3.2525137873130383,28.168033083839475,4.405013829290533,76.0,65.14
77.0,65.0,250.37012999208068,59.42286485967196,35.33711163177854,4.944101009354053,5.899046060757938,21.800984863143455,30.002654454555348,11.469270093346921,40.14504194939491,6.344335148115389,29.419959561506445,6.121284582524597,35.864025373006285,12.938457670566248,46.88286895205269,8.667174510550677,36.671433619320965,10.359027267372806,14.830521095986017,10.251738358659287,77.0,65.0
78.0,65.7,251.12557150643136,84.28867040092683,9.426606508289147,3.5057572390145726,8.304357542697826,24.917709578706194,7.453946621475563,5.045495953822956,35.272668469746705,23.870557752663874,16.652149263044027,3.8137468750011276,28.748710427286202,28.561691582985482,40.68903880358216,3.236272408371251,5.2881087990705815,13.562756309730451,17.04573876824064,14.890943274596582,78.0,65.7
79.0,64.5,235.91414142134425,27.354904046811182,21.96434687233148,2.1030945706694197,27.363185046331598,32.52796448852948,16.93541048926223,23.68870965103143,2.9893147199339363,13.072437530766432,47.35158938339015,58.12286414005848,16.758532514390787,44.10226368188159,17.010080808232157,37.35223291935602,18.057115264642736,13.760679821007013,20.054267055541416,22.09867745398114,79.0,64.5
80.0,63.89,236.21750483661597,15.791718516857134,8.069639217488943,30.88880614800817,4.063466783838106,13.864361372930457,30.468625420622423,37.625928695761935,27.274060074743193,20.913820474465794,5.224991583427489,33.36715351659927,31.015800578718213,59.74221908462857,31.16604497573429,17.40916864218258,24.5102927688622,25.713843322151046,30.16771200714338,9.716161872625875,80.0,63.89
81.0,65.09,249.49182857368615,90.94456702871592,19.306550787400752,8.645581163568892,11.075862056194508,17.644361228129405,34.38706266034923,10.294067412311524,1.687889642686784,20.291141341442753,1.2270496572004053,15.209388533428797,4.435047903611627,1.9730269138193695,28.429026252593907,24.741699623512673,25.172535074804934,14.079762354566837,26.768441213099326,13.122811716371956,81.0,65.09
82.0,63.75,205.2396273954289,7.254655211332619,28.080133943344094,27.49149688809714,22.266086311890117,4.048416625058284,9.597480113912685,13.362668378277089,3.225294726028199,4.737100230579191,44.36990323619596,4.138352074416661,34.84602139814408,48.20205270946722,2.7163283030947873,62.80068076694751,32.42007069001763,52.20736150186272,12.26930033004329,55.66056891182305,82.0,63.75
83.0,64.41,244.9985410046666,41.3311208440965,6.550263338955501,16.374082895978752,3.767940086372361,45.06015472100663,38.13344573439071,1.1152784384003755,29.56710644339448,1.317390307893458,0.22104072989080947,30.073397107292713,8.636748261869586,28.683901827066947,51.55378453888166,7.96345513237358,30.615732044929846,5.501059034842433,7.712333485780384,40.74772688923029,83.0,64.41
84.0,62.32,242.33778196972008,17.738772375876312,14.58172856969896,9.313138600850095,5.828136822027684,12.836005313098417,41.90664701234855,18.06422974824576,1.803596733112995,35.533683274295306,16.277937352866466,16.553393486652297,16.092514244380894,7.436436385022825,8.04118880077154,50.56935565843477,35.120141778525486,47.19521972253456,10.693927391912052,11.086722228194212,84.0,62.32
85.0,63.1,268.61683287189715,50.92044872379908,25.776568038100628,19.43882566928405,3.119863756487936,17.462466961275954,8.679967484653908,13.615576136473702,19.606931453525988,12.078904404333446,4.528455566535902,5.5966671883923365,36.42726073712881,0.06266289870286457,9.334863479184577,12.378263103963757,25.571706839138315,13.575919874204914,3.324814304646914,13.366553508571123,85.0,63.1
86.0,63.57,271.135630591697,59.31448275531015,17.264489547025647,20.63746331851649,11.947713432463436,16.363647326361864,7.768331244513909,0.22844143823717822,23.942943023193017,6.745628657028654,5.8183886659617645,19.717522855414217,0.8666725792206726,17.119334399275054,24.128419262992303,1.3528264131568637,9.244597757446188,11.42873684329501,16.22651858122662,10.23543428444555,86.0,63.57
87.0,62.57,267.22403439446003,57.19967326236981,14.999985761832491,26.296643226322015,21.166778835624868,4.273435067291647,5.874000237060175,12.012929222661317,9.500675398297128,13.367740768401928,24.041934741095567,1.2949976134929084,1.0164969871600888,23.29602294767767,1.1374936480679558,5.4477984126464065,24.82494190657551,6.375199640294753,0.9471569687921662,11.167423278256464,87.0,62.57
88.0,60.71,219.82243190197804,8.192877659626532,7.755174089961612,14.909453104498203,10.4439272139683,7.6898597212738835,14.434846929291647,11.913430455742478,23.588461680546747,15.220843883782184,40.66277203702752,47.18729076724948,19.110668166911616,26.986036767204634,7.5065628444341055,28.784776315953877,48.50386412044109,55.692673314886136,14.157957963087954,6.381481694395875,88.0,60.71
89.0,63.96,265.360875727844,65.36837281077794,7.9013190219858505,5.698749321856715,3.8882095666500245,0.03384348676729587,13.525249167866793,9.306817393601719,23.303827204510505,17.0233617993164,28.202699113528613,12.817279571368475,11.254916273622948,0.2714147917773868,12.887141728553438,5.486544358046478,0.9809633309393586,11.2673945079856,3.528427552925532,10.870813231646146,89.0,63.96
90.0,60.43,234.73445460356461,11.219703939765969,19.366616547407865,2.9710070205219825,28.824217315058156,9.340456318354496,8.948682241054595,9.838710349950784,14.033861996531943,19.341000401920162,4.275882540821126,14.481462689761262,5.56050231248968,34.4960909430894,43.59413058130151,47.06930739134631,26.887497301497,6.88798336061577,27.653538571226782,27.258313476616966,90.0,60.43
91.0,61.5,226.11645917765,33.910812710065045,3.998081076786857,25.588302807882968,41.25653865966897,35.59709906997792,28.172492709113513,13.628250469483092,14.556607997635776,6.754083316385826,11.0743692007556,2.5224042374774887,33.86131499450518,26.433684604865324,8.78220303589408,36.490156618065654,49.85187576961488,11.389760227055724,39.161322224641246,20.73487046707406,91.0,61.5
92.0,62.52,242.16205381126605,51.47085147313574,34.011318760701364,22.792010289868756,9.345835578122015,11.96382758162606,14.985237772154397,15.473694847900115,22.565135846867264,12.365975660526347,17.079040293374966,10.282705649306077,43.37292330472251,2.502764720654392,29.68310409419163,27.159889651446104,28.980696126772102,12.45179799062385,54.27071982698487,0.7649922199038981,92.0,62.52
93.0,63.33,252.83803747335517,13.866472402547073,13.36412645574423,27.837111538375872,28.033260779507707,8.054962913605047,7.450407040429468,3.402953364897961,20.182479352872306,8.922612764011262,29.0462130486943,35.81411410903928,1.3620350754037087,40.009186441110764,51.66394420374036,19.64884905115973,1.233731324003708,24.91526736977106,6.774904219560222,5.5683965728570595,93.0,63.33
94.0,61.58,226.03575812758726,38.51932369746727,2.4054437180038875,6.6580758161739935,46.40615291650132,1.99209020594148,12.570615481033672,3.7787057143430793,16.78711646228254,0.19722716353214054,21.4682369408406,5.221667401489487,73.4701907279901,4.220920800593959,1.8929765265986624,7.291480402378632,69.72820438303461,17.907631259071678,30.819332202990953,8.497932858763203,94.0,61.58
95.0,64.16,264.7254967806436,61.27421091305929,2.591089189338833,8.081355696653596,3.573502009380512,26.570305152018918,20.82814057928107,11.334090852792949,14.179624639122284,0.4761593409696483,20.25175578120348,36.986243370320054,9.808589830605563,1.1756248918267023,9.669878448376998,8.00883741078757,16.66756153617373,27.03634004793088,7.273121481936258,6.443900654359453,95.0,64.16
96.0,61.89,219.15328611147086,18.3856870102169,1.1765834995292366,39.693279879576735,14.094593983006105,27.89491418102811,0.21057501266662726,10.112445563614788,3.26138666275188,24.132280191935777,3.9491715045424645,8.613698528382187,24.442943119289655,44.55971778579647,22.18984544161041,55.57439904097919,67.33452818346805,6.978281881165689,8.95728324597414,36.67670660775371,96.0,61.89
97.0,62.68,222.9746305530934,43.58189411372845,40.51128409145452,6.439261897613857,39.13064721682942,3.9163682778282904,10.055882425526713,10.106667421601756,3.4004414412652437,28.077904234800982,2.9887870587941308,28.44588691974988,56.18726313429625,10.128782937507035,13.11716791563775,25.900703067816025,28.310448435323035,33.014086644830215,47.70509086745116,32.60009165249475,97.0,62.68
98.0,61.61,246.91258990980867,53.77710678714208,33.56746995479557,6.379124175479722,1.256045831319259,4.114027965239922,6.43432882005105,25.27182494070381,1.42272779494912,23.448541105967305,37.275001019711056,22.165372057796713,14.42972493507006,2.0246450136446335,11.301750302800455,17.384448914207873,24.423743909958823,23.558610809092688,7.106618238196203,34.018744909697915,98.0,61.61
99.0,61.19,219.80217179599373,33.70767484584529,19.687890752383677,7.185761871201562,38.553314253279595,0.15448447919510677,15.025694726539994,6.646222130514781,7.408077910114709,6.4789923861201935,67.03358051332434,8.585844498391936,69.32006925072587,10.858976534507514,13.5446231901555,13.073864041678124,44.217164965286685,13.335341765283163,0.7040304995754081,1.0452981923005993,99.0,61.19
100.0,62.18,239.3025091749907,81.37830247345357,12.932724946422505,6.405582938633419,9.8713815822968,2.326771293856707,27.303978300953275,1.3189564644171288,22.983933185952083,29.527812554074004,6.573673172664037,5.435838261267397,10.366937025901706,1.1577872758797003,41.29720969031419,38.91008614413178,28.15117874957415,17.279847534901258,11.627819332887519,13.565339109899373,100.0,62.18
101.0,61.42,233.60647734531597,53.52421005815331,20.512921983089342,7.197317033740486,25.435401897813563,20.19092830390609,21.47297157184837,50.92657430129615,3.8930690311421294,3.9994887349282404,3.028372405095025,27.324060238941783,28.977217499811807,16.997668270135115,34.00831604613897,5.168061368548614,2.546552080794932,32.10902609244287,33.943025034138145,22.112184191303594,101.0,61.42
102.0,62.79,240.08578348499393,62.66170295436479,19.36955991834958,19.866611440671363,10.217504091090252,24.959400092481275,38.9989823181092,15.917969447202132,23.93859561607045,16.247752409532833,19.810432658266077,14.319259905075006,7.343168645913069,33.99993625743697,31.55646159856952,7.819905318933001,31.499808830089588,15.921067320254968,19.153035069462483,41.09522717436674,102.0,62.79
103.0,60.36,239.73944189473613,54.158651658141835,3.4284888726657243,23.386057597331416,14.090743361414637,1.0181213759231724,34.791419366812896,9.564257017531792,15.998009022925723,13.216801447828853,6.032154500438516,9.339963780192226,32.43845083534919,12.46116111784199,26.557258077110966,25.911637501926982,5.678381227242398,10.052152054946875,30.506479817687843,6.653056282246268,103.0,60.36
104.0,60.26,239.43689780047123,53.65085757266229,39.72995952300806,3.965391378595106,26.73388994868975,7.74257887315283,16.119821576978715,10.293334787219592,7.688736140893166,31.73682860531869,29.66691761058115,14.503147025329174,8.388257028914573,21.431494080331262,9.538000420944494,43.49848485598171,23.807603504734892,6.008408559370334,5.96421092142382,21.421139652800765,104.0,60.26
105.0,57.17,189.26798044321268,47.08492285136889,14.092205103386508,4.955615134425809,5.353867102730714,23.43857786334862,9.074689455508612,3.426110777938735,32.44383412455251,25.511316016746477,65.01316670033125,15.122348290599753,54.95147201540348,18.78773477240032,22.238955926199516,19.044750437769697,36.433454696298156,18.1954292114668,12.024191325946905,33.26528141123143,105.0,57.17
106.0,59.28,196.30673983280528,53.01332341560059,37.02137415664667,34.88793732568688,42.92032965129215,1.6962645445103668,10.841038701365935,19.087643502856746,41.54834476273586,27.935475287012437,6.956999323482314,0.5758152775543923,52.04943762359531,8.03721033342438,12.237554920220225,14.5779037599446,36.66035661794903,57.1047617523894,12.643207166113765,16.012986485189476,106.0,59.28
107.0,57.7,221.8669134008291,18.456922352777603,7.05006159005703,32.08220866342543,18.85457018393079,17.760479135359827,30.012099444463566,66.50548023361114,40.526197152246795,22.16175841045445,44.84490371442569,2.6201165666433663,2.8841662610440277,3.8289732938844043,23.718185750517556,21.02532373329324,13.905681316532617,14.189397034584077,3.2359962464259855,14.233326205527277,107.0,57.7
108.0,59.21,226.09537975066021,12.636623603497044,26.330444300339895,10.092626555839352,26.387848820672886,19.983554217919636,23.421948685718263,17.44612907770073,20.488587704576062,50.650767061784165,32.291380060382856,11.949773164841183,15.45286210181631,22.262892629235502,19.035653136457107,32.397802150929515,6.530647016712276,38.996169985422775,27.255620933559975,19.621219267154828,108.0,59.21
109.0,56.29,189.3014079126463,46.52753683774391,7.5739286361286435,23.96045434630328,24.561294328705387,2.0064188135030108,44.52125078571112,25.403726622072504,4.015435950141194,29.948250917406185,32.08942740858777,55.43372639716476,25.83148399849259,34.62160668839923,15.713982617538443,50.5022929623191,31.48752851504954,5.887619387553196,10.709774607503102,18.38784487395738,109.0,56.29
110.0,59.58,209.0868266168169,31.196507045624003,13.637585448993356,43.96231248490752,19.344661952749714,29.437773245578967,22.505528644716847,4.873465048092733,39.65602951913393,6.4206877404975256,13.764526359209484,20.266525512607494,16.93052350925152,17.0187425965833,1.5367231767617433,13.55469145112534,41.97248302706055,43.04763214828464,24.274350532896023,67.12180489979866,110.0,59.58
111.0,56.11,200.60997318504423,24.315845450424618,17.526055524144837,4.406002041553663,30.685129845468317,15.126049338109837,30.62679780101113,22.139240767513847,2.1744290015045937,17.647943641568858,6.4592125923289565,55.54348152228072,65.07055249436172,15.29415512786547,16.391844362565962,54.24492146214338,6.955296327642138,5.519428830232382,9.523813309499523,10.884319968968647,111.0,56.11
112.0,55.74,189.099824974428,2.1693055498395957,41.163922485642296,1.1270937452362375,43.63508777107597,42.54578643298149,31.351794503433062,27.241895312798462,9.4188710993314,13.339205417298453,23.273834307410056,11.808171357831121,49.478907193874846,30.52763190824195,7.942623560710681,38.16023726462327,55.04314731844244,0.04455698791045393,11.333564658135762,10.965840340037126,112.0,55.74
113.0,56.05,203.17011043781758,13.946059860112408,18.2426774881634,24.054946121748813,5.094479279802778,1.66606095663046,2.454247182654578,37.74530846382072,11.34753384621007,14.260669621951951,34.55276277422747,20.730578028720103,41.048416003279186,12.148098859189608,15.297176699392423,46.72466799883478,48.048887168058044,24.409029532044872,34.52249013642284,6.057038852134365,113.0,56.05
114.0,57.5,210.81559665795288,32.0726578263578,31.16981057300798,34.338761008063244,6.737165944938633,21.186641500599485,13.882332875528952,20.30919082869338,11.636665462138623,0.8457692257383584,12.686120430961008,13.899302827924334,0.338772298639066,12.757309868335568,13.289923026396606,4.827562155718514,42.57706119834565,17.351685024783674,78.4329391766306,19.857388369686632,114.0,57.5
115.0,54.56,160.36159797552247,18.27345483597801,6.681903966395648,17.090978443856574,0.28286967054558154,36.682533103547826,20.95556420085383,5.4548533540914175,27.752684885932673,5.091073607084961,24.927863062480828,35.80430330946034,22.900899703399865,43.66714231812562,37.73673717930363,49.05740011112726,56.77037339536224,21.10775915258957,17.256785825885835,10.782539491916435,115.0,54.56
116.0,54.37,165.6715873239787,33.00434437395931,1.0749409613814702,4.796152647937291,20.14401602866706,18.626883117780743,15.400500150431832,15.300231813637502,19.415525701165237,20.88320034429438,24.301624055385496,5.47377235172622,0.5969316630847477,20.960529332134094,64.59480008859529,65.18925673054565,56.31188406942456,24.82545140833772,18.652305099098026,14.205493409876176,116.0,54.37
117.0,58.22,184.82442441784053,19.655994424729144,48.647744457219176,14.8421862632821,20.543927534551663,16.760627997785953,2.493890101060222,11.534360883445324,24.63085536140256,38.77570179718644,32.934322258701954,21.01856290243096,33.691014054362505,34.03740195390375,38.52419146251328,40.4078064910894,62.97569698175358,13.217114367785944,16.32702871909966,0.16897478979202418,117.0,58.22
118.0,56.7,177.73757212661224,40.64506655193783,25.96461038902677,7.618053710757238,30.550289146435468,3.6291895530925196,23.451366294605997,8.88712912011961,15.806750256022257,5.019329856913969,17.23202909192925,18.264663425220526,9.135982755117258,19.842984478157668,26.93481062110694,76.59817128188179,34.22485862024981,59.413482223932846,12.896525963000796,14.053981389176567,118.0,56.7
119.0,57.26,191.0023451581309,62.011722987183525,18.048801366144794,3.2796142277709466,26.64907070348047,28.09510528991755,5.9588316668031025,13.682399636513338,28.997215606086023,7.730344920506916,33.314461182635796,65.91160240436729,38.63983262438025,6.87991646111079,11.38968831170546,23.58327316497581,28.1976494412498,35.03250222488668,29.9516833126646,20.380616813276426,119.0,57.26
120.0,55.82,219.70714468760278,34.150543129790805,4.069499541569261,13.365467441791592,10.85786907115307,22.298885283198587,27.99008378978054,26.364169073472276,3.117515915938295,20.032926293850863,29.958915818165238,10.190229426006118,1.1336940921925542,4.4559970306004395,20.305961993711946,24.32942719758787,64.39333537285744,34.709102930158295,19.455001867498403,0.37055772801141185,120.0,55.82
121.0,56.11,200.38055745117305,48.98858262670791,1.9955981647756857,15.107295885796574,28.61179563263817,23.163958569687654,24.21570423193259,27.72236968104551,21.762116708615004,25.878728918020666,30.93508879836734,47.77152276593095,52.671722876037165,29.35462349380189,28.46097766788748,2.1295702760243227,20.08492039999308,39.67399276079671,7.829654662299157,7.59657399749465,121.0,56.11
122.0,60.0,201.19759860448175,69.36180577870488,3.591888617196215,20.783487384432348,11.299796247659238,4.073374880327114,62.16366247318438,20.975122505586363,0.5625487016309156,0.09992523561578448,0.31307319523605903,12.7252519874242,55.222575323500216,26.941043024125882,15.550609268803605,6.623159478609855,9.478118890089176,7.268882727432427,32.82552112426975,25.465146459632354,122.0,60.0
123.0,56.23,213.3228656563154,47.089002520148256,23.466080674648765,5.358838942120162,19.004860725663203,27.683139776866376,1.9397851765785044,3.052289480309275,4.454563318992909,15.333054701528198,47.77797643458298,41.297926902772446,57.35882270066445,10.491398181726261,6.78701401564587,31.588187084849167,16.424450571506767,32.63287564373875,13.25940059873877,4.618125488947467,123.0,56.23
124.0,56.53,193.85629512062397,43.14480244632631,17.52444664608656,13.254692170754758,16.909250137315606,15.803094935193439,23.57042011090251,4.755365040401266,14.57937205379882,18.092053405500504,13.920664167290667,2.271972361077564,69.0766514388938,65.29514910095918,32.959886435979556,4.864770234399698,5.9570546858663285,26.86637607442953,5.556599561591028,19.041505911256614,124.0,56.53
125.0,59.57,197.49318001924624,67.7401833749434,24.80587918481455,22.441604818831355,29.308480652336755,5.507005392012179,32.90361136259066,7.306604957536936,33.10733042921363,19.605714932387077,38.13400451921135,13.350489097120892,46.011853887051586,25.859996244875394,12.366057658868133,4.104289373205406,23.50384484277538,8.577559682655288,63.3777491991096,33.88435628421824,125.0,59.57
126.0,57.83,189.2679804432125,52.27240831814153,28.95524280407014,5.123377599846634,12.027767959478906,19.58762110156341,25.727573004378584,11.957968224481217,25.277652859116998,1.4731184367458003,2.3418295346698983,14.936550439529604,56.29454860940853,73.27533534791355,33.845745486898416,0.4918759464385758,12.830203229173147,37.48082375681641,15.826609652217808,7.111887749987385,126.0,57.83
127.0,57.95,213.36222717340357,75.95418797732195,4.0445545953002355,63.85868363291115,3.1498865665815146,13.201075642051546,2.7349301218722495,0.8236556539403841,24.844205170235792,7.713891910789139,33.714146845938366,19.497836892160237,3.916020976176905,44.09240828331274,25.660953610282753,10.351754438364706,30.074628697303062,40.23645919337309,35.264978175667835,8.78301418393611,127.0,57.95
128.0,52.74,205.56209222180487,62.9678234010984,1.8633900679008963,3.3362747277399674,35.03206557256341,17.00661925633186,21.837458476381574,16.233423772665827,37.035115887966285,34.06233132812133,20.78605588336321,12.68167666654081,36.105061197478626,36.44443482256042,35.913726006288975,8.713523582737743,40.6161300781716,21.06584611181943,26.037140733646417,4.713152597338391,128.0,52.74
129.0,52.35,191.70607711295045,48.848659769810624,2.623130536943531,18.454930832727598,25.718719846970757,5.478559858824104,24.096154561669827,0.08331871792743684,3.854512733593401,33.44157129431887,40.30376965834152,49.139058839189076,28.440899482815592,30.325431744628982,36.555692480847306,2.888272963472911,14.643509762302896,40.7255491839897,27.08200615781431,6.338164145537224,129.0,52.35
130.0,54.45,207.8284167648589,47.95414592025436,48.93797328295077,46.51459907906071,23.71120413946204,7.786227993412894,9.289116493779709,1.2574690149210728,35.47662456467407,13.408076667571255,42.7011992752304,21.03618635101489,44.18861666089687,20.53744182582105,28.73075761388291,15.786592551397561,10.333339557788333,13.872508803280189,1.2504307485118122,7.703129827323144,130.0,54.45
131.0,49.67,156.8424582542929,28.59424910208228,2.964463837288667,12.408692624650708,42.82254878870465,35.99755652056686,8.807773390879262,19.788205563360407,53.95230763656325,39.196448046470366,19.571017355756474,3.356982026250093,20.802266408825123,23.22206010049389,19.766440333716993,37.22203690303313,29.360962435603014,38.19730052627165,22.503753021148707,56.719373841446014,131.0,49.67
132.0,49.47,143.61424940297098,10.037366140286295,29.28276210078945,29.459583840632558,34.46911820469289,14.01552171927571,24.664845940822865,18.25425742534832,19.34382927015902,33.22895635230832,52.060357611224156,40.625012961517285,12.882070798881614,17.21461554695786,10.630831064001757,5.451046118106873,28.934044527917198,58.32723802402239,3.519468953151396,12.847281096751448,132.0,49.47
133.0,53.35,166.23697462154826,44.063987182847356,12.512522456085929,24.389485880329897,24.534701544142255,4.550072814149463,16.611594312440197,21.95654412399396,1.9788501622656716,18.987311177560454,83.05801924320072,56.78126752741608,26.34285884860006,27.021023738710387,1.6016550746762093,9.766420007692622,13.457634182563428,18.624072374815434,19.069309566511095,0.8484906068574487,133.0,53.35
134.0,50.79,127.6712545674131,23.05565498906262,25.51337260994453,4.501825780309529,30.11637413518644,30.609620891655222,15.829171448921496,7.8287978238477525,16.42072369532819,0.22192438992178332,20.206161398662264,70.21279167189722,74.68723954814918,13.706717955082832,20.504647467908036,6.820604080111114,1.499052814012365,1.754264443914745,10.404773512520201,21.681185519213678,134.0,50.79
135.0,52.59,177.67992851942486,58.34167888929714,0.3125352452421879,14.454265086259657,9.446781888340567,5.428854548781256,8.395588721388439,18.30361868008474,18.691097513921648,0.021439808431231278,26.07770897486115,54.79978883346398,68.61005878387925,16.448103450695665,14.435023625766476,50.73012984282767,4.534351878942926,8.817159910582877,4.340883897240187,20.554366955844657,135.0,52.59
136.0,54.29,156.090972771711,56.91747485689095,11.896618817240885,37.233136106306446,16.63461593873455,5.793486983774165,14.511797859730002,11.620676100420393,5.96431658841241,8.07505154315428,23.669744625687535,11.551072673772182,67.84726587775388,82.30912448023183,26.103403396275162,15.878057245302873,3.253158633024019,6.995692004462973,5.265346644630229,1.0059366752119594,136.0,54.29
137.0,48.88,123.95926329250995,35.761777763744576,0.8896239083830197,11.805475388541462,32.20983198693306,15.696162538658163,18.548377979365974,10.971548179109504,13.616199178226815,29.02531194927054,18.49352983352415,30.51186794770603,61.0012661207327,69.29796708756805,14.998954978881143,37.77248140055664,13.755346235861973,20.83223143464024,30.920055245160736,9.251396357229652,137.0,48.88
138.0,54.71,139.17744674625897,67.3014306820032,14.766445309350722,15.319345443142199,39.75713375643622,8.833005818616115,38.38220289328233,40.60276899670781,37.059717074659474,28.90335579007909,69.33021240016804,23.82428854808098,29.85450636248188,47.64173528113875,11.122910079170332,23.953932343866065,17.39982045682764,9.186029863957913,11.397447733455103,4.507613627348981,138.0,54.71
139.0,45.3,136.27294591911263,49.91318678821253,5.624541158791498,4.998415311327099,8.255063482678729,45.003319186460885,17.37659102941109,4.0476691835047,1.0367806068539132,9.349110993918949,55.31702078025377,81.93924087478811,38.28101315489725,10.47831073706487,10.060659985953695,11.771347217937056,16.598884356152986,23.327021907722262,1.3165283725895156,4.588314677411215,139.0,45.3
140.0,60.53,132.59158477675243,78.85713614720825,6.501444661963557,17.312815159889865,57.588966019978415,14.206578296288201,1.0780614530152288,34.030011112363304,8.220072375787751,35.89327212762856,76.63587583288478,40.33050202443098,15.134609524951237,10.183575033050863,1.0630978040766221,26.674292887040686,12.659648431413995,20.290703839678585,14.1411210514716,30.391410716627604,140.0,60.53
141.0,48.32,164.26166545132156,46.75404778165983,12.296230304454749,12.31706297813583,21.487857184469018,9.664473587846146,39.52940232103139,2.6975060084225615,27.58083898644405,29.715739796724627,12.067309851252258,43.98766133162982,67.61870276868763,41.63590592797299,19.73492244534546,0.8433290998671739,15.527698739445622,5.735157569992419,1.555032729676265,14.682606967715937,141.0,48.32
142.0,55.7,166.19959112034357,81.50240018713622,21.181328824002033,4.886736289997092,0.6737034715225905,35.97979056460055,18.95797563518437,7.4778974647986205,7.944069268129059,30.2741650775036,50.10019620052034,28.724866466133783,45.593256416344076,36.73053335474846,2.6407705002811284,41.838911993512355,28.06886229564544,3.505577623216905,5.193349420825978,6.321040750317365,142.0,55.7
143.0,49.06,147.30598057188945,70.65556465130923,8.296598591072229,9.907822107424877,9.150591273886732,17.891636724434637,21.098392406542473,10.124115807610695,2.426804353783546,4.691018118717848,17.68803150941194,9.841925176219245,63.44801559635715,81.25074091199455,28.61011166022059,4.79795892109702,11.122886475433742,4.145366322909558,6.447902205327609,5.026066718162445,143.0,49.06
144.0,47.33,166.40117405856347,86.1854252066944,39.04626879341707,17.298348228298277,12.531736752012513,18.45115581178772,11.87835276630532,25.505778733875303,6.776838690298896,22.239102631988736,1.7279954969614995,1.7555782882542408,12.73788023845762,40.90108876221937,13.34618310986156,24.86555857381282,44.90219717214474,5.729410074374869,27.783186574828115,31.963554010415265,144.0,47.33
145.0,59.17,115.62634919176821,76.21704530698466,12.642023677491158,16.65467254291076,18.21126660664839,21.182097108939338,10.228527188802156,20.952781850183978,36.65491226101479,1.9634971204502252,15.313141302739258,6.154263835761778,7.594525018409485,33.64482254950117,10.088177623531019,9.13612711336162,63.233089564756305,69.49744135095236,41.14616588099395,1.8209998126358236,145.0,59.17
146.0,43.77,188.0545267821256,104.1617389818745,40.36045002179477,24.042984392434363,13.744270432465981,8.324987957468228,18.84508257003099,3.6415168154143576,3.887372872817041,5.129246054629345,7.911238791566275,10.826683758888114,8.562298261459073,15.827589066918744,4.44660249248572,24.82458123595726,10.009216785064535,19.75042504861152,4.692324693811394,18.70355633167261,146.0,43.77
147.0,49.54,132.93430970911209,89.96673991744889,0.5716991407039562,24.187755332553586,2.3937210086239147,54.50338593568094,27.987469801432606,20.675191088850696,14.83501136734965,3.4036206736908703,15.262405168027351,6.204624804123034,18.189699239275136,41.3707103108378,41.715864331197096,7.514859191402504,2.8120390927765455,8.833095896680371,38.394133186528606,32.245018677690766,147.0,49.54
148.0,48.62,138.6744784086529,82.4668682857925,20.993158015737002,12.117033620751172,38.33545650694048,18.354580279692783,44.12903847779057,19.931587429865303,17.529795184392356,11.513826675960358,19.333081556262233,23.479214163616895,8.222186356989958,20.45747572657546,25.988174143133794,22.367195811363505,9.40787566713854,2.0290059350611678,45.167883081068894,40.82249389163745,148.0,48.62
149.0,41.57,173.49477971845212,92.56854307795591,41.50655934820339,2.583815080282805,12.817860904885423,5.93097157486766,7.061373633965607,22.713600293707792,11.679584626313396,25.289895631010737,21.812638905642075,1.415709940584419,0.6889539061591163,16.646046623949307,7.476501613730282,23.650421691181336,38.5281983810519,10.39412709260745,6.333061528060036,8.703471828752669,149.0,41.57
150.0,49.0,167.5808608763428,127.99463779480328,17.509430591927146,21.934700380170753,0.5223308966423845,16.382970248438625,5.8902571235792935,5.405534583672185,19.42573826171618,8.373549969161367,15.064495107275947,4.958312199028049,0.25523108732697253,2.0057177080330018,10.084763994506599,3.3816053637308574,7.100959955020209,2.84475340884313,10.517480205673571,0.6067268305432321,150.0,49.0
